date,caffeine_time,magnesium_time,exercise_done,exercise_time,screen_time_before_bed,alcohol_drinks,stress_level
2024-12-18,10.12,,false,,20,1,9
2024-12-19,,20.30,false,,30,0,5
2024-12-20,8.83,20.48,true,19.82,60,1,6
2024-12-21,9.98,19.37,false,,75,0,3
2024-12-22,10.78,,true,10.25,60,4,7
2024-12-23,8.03,,false,,45,1,5
2024-12-24,,18.13,false,,30,0,3
2024-12-25,7.30,19.85,true,17.33,30,0,3
2024-12-26,12.62,18.47,true,9.57,30,1,5
2024-12-27,13.08,20.87,false,,45,0,8
2024-12-28,12.37,17.32,true,19.02,120,3,4
2024-12-29,8.10,,true,6.88,90,0,3
2024-12-30,11.68,20.97,false,,10,0,8
2024-12-31,7.95,,false,,20,2,3
2025-01-01,,20.52,true,16.18,30,2,4
2025-01-02,7.65,,true,8.43,75,0,3
2025-01-03,9.68,,true,12.85,45,0,5
2025-01-04,10.83,,false,,75,0,3
2025-01-05,9.95,,true,17.50,75,2,7
2025-01-06,,20.28,true,17.78,20,3,4
2025-01-07,12.37,,false,,20,0,5
2025-01-08,8.62,20.60,false,,45,0,9
2025-01-09,,,true,10.08,20,0,2
2025-01-10,8.65,18.75,true,17.92,30,0,6
2025-01-11,,,false,,90,4,4
2025-01-12,,18.32,true,19.77,120,2,7
2025-01-13,7.58,,false,,60,0,6
2025-01-14,8.73,18.00,false,,90,0,9
2025-01-15,,20.97,false,,45,0,3
2025-01-16,8.07,22.17,false,,90,1,6
2025-01-17,8.00,19.07,true,17.77,10,0,7
2025-01-18,,,false,,60,1,2
2025-01-19,13.68,,true,10.85,90,0,3
2025-01-20,,18.40,true,7.95,120,0,9
2025-01-21,,,true,16.63,75,0,3
2025-01-22,7.73,,false,,45,0,4
2025-01-23,8.58,,true,9.45,20,1,6
2025-01-24,7.22,19.08,true,7.83,30,0,6
2025-01-25,10.18,19.18,true,8.48,45,2,4
2025-01-26,11.10,19.57,true,17.23,75,2,6
2025-01-27,9.92,,false,,30,0,5
2025-01-28,,20.55,false,,60,0,3
2025-01-29,7.17,,false,,20,0,9
2025-01-30,17.67,20.33,false,,90,0,5
2025-01-31,8.28,,false,,10,1,6
2025-02-01,9.15,20.80,false,,30,0,5
2025-02-02,13.93,19.40,false,,75,1,3
2025-02-03,10.72,,true,18.35,60,0,5
2025-02-04,8.35,,true,8.52,75,0,9
2025-02-05,8.78,21.28,false,,45,0,5
2025-02-06,,20.55,false,,75,0,4
2025-02-07,9.13,,true,11.18,20,1,7
2025-02-08,10.97,18.38,false,,75,1,2
2025-02-09,10.63,22.50,false,,60,0,6
2025-02-10,11.30,17.90,false,,90,1,6
2025-02-11,8.43,,false,,90,0,5
2025-02-12,7.85,19.85,false,,60,1,4
2025-02-13,,,true,8.32,60,1,5
2025-02-14,9.70,,false,,45,0,4
2025-02-15,10.35,,false,,90,0,5
2025-02-16,,18.80,true,7.90,90,1,5
2025-02-17,11.68,,true,18.42,30,0,7
2025-02-18,7.77,,false,,45,0,8
2025-02-19,8.17,,false,,20,0,3
2025-02-20,13.80,,false,,75,0,4
2025-02-21,14.43,,true,8.30,45,0,3
2025-02-22,11.65,21.53,true,16.55,45,0,6
2025-02-23,9.43,,false,,120,0,6
2025-02-24,7.35,,true,12.00,45,0,7
2025-02-25,7.83,,true,12.67,30,0,5
2025-02-26,9.77,17.33,false,,45,0,2
2025-02-27,8.93,18.40,true,9.07,75,0,4
2025-02-28,10.35,20.13,true,18.37,60,0,8
2025-03-01,8.23,,true,16.62,75,0,5
2025-03-02,10.67,20.05,false,,15,0,6
2025-03-03,7.47,20.50,false,,30,0,2
2025-03-04,7.55,20.13,true,18.53,60,0,3
2025-03-05,7.20,,false,,120,0,5
2025-03-06,9.97,21.35,true,6.08,90,1,6
2025-03-07,7.53,20.95,true,8.30,30,0,7
2025-03-08,,,true,16.45,90,0,5
2025-03-09,13.70,,true,18.65,45,2,4
2025-03-10,7.42,,true,9.90,45,0,8
2025-03-11,7.77,21.17,true,18.50,75,0,4
2025-03-12,8.02,,false,,60,1,5
2025-03-13,14.47,19.33,true,18.55,60,0,6
2025-03-14,,,true,10.73,45,0,7
2025-03-15,11.68,21.58,false,,75,0,6
2025-03-16,10.52,,true,10.25,60,0,4
2025-03-17,8.87,20.85,false,,20,0,5
2025-03-18,,,true,9.03,45,0,3
2025-03-19,10.32,,false,,60,0,5
2025-03-20,13.90,,false,,45,0,6
2025-03-21,7.80,,true,9.67,90,0,6
2025-03-22,8.17,,false,,90,1,3
2025-03-23,9.90,20.83,true,9.80,60,3,6
2025-03-24,12.47,,false,,45,2,2
2025-03-25,10.45,,true,10.97,90,0,4
2025-03-26,7.70,,false,,45,0,9
2025-03-27,,,true,19.30,45,0,5
2025-03-28,12.32,,true,9.78,90,0,4
2025-03-29,9.37,,true,16.18,75,2,3
2025-03-30,10.50,,false,,90,2,6
2025-03-31,14.45,,true,6.15,20,0,4
2025-04-01,17.72,21.73,false,,30,0,5
2025-04-02,10.72,,false,,60,0,4
2025-04-03,12.30,,true,9.43,90,2,5
2025-04-04,6.27,21.92,false,,75,2,7
2025-04-05,12.57,,true,16.20,45,0,5
2025-04-06,9.53,17.28,false,,30,1,3
2025-04-07,11.15,21.63,true,18.65,75,0,7
2025-04-08,7.75,19.18,true,17.17,30,0,3
2025-04-09,8.35,19.80,false,,45,0,7
2025-04-10,7.37,21.65,false,,30,0,8
2025-04-11,12.12,20.30,true,10.82,30,1,5
2025-04-12,14.20,18.10,true,19.57,75,1,3
2025-04-13,9.72,18.57,false,,90,2,4
2025-04-14,7.72,20.35,true,7.18,60,0,6
2025-04-15,8.40,,true,9.40,60,0,6
2025-04-16,12.62,21.37,false,,20,1,5
2025-04-17,12.47,21.02,true,10.13,60,1,7
2025-04-18,10.32,,false,,60,1,5
2025-04-19,,,false,,30,0,4
2025-04-20,14.32,20.77,true,9.68,90,0,3
2025-04-21,8.12,21.90,true,17.58,45,0,4
2025-04-22,7.77,,false,,30,0,4
2025-04-23,7.20,20.65,false,,60,0,6
2025-04-24,16.17,19.23,false,,45,0,5
2025-04-25,8.50,,true,9.58,20,0,3
2025-04-26,13.95,,true,18.07,90,3,6
2025-04-27,13.62,20.97,true,8.95,120,1,5
2025-04-28,8.82,,false,,20,0,3
2025-04-29,6.25,,false,,45,0,6
2025-04-30,7.60,,false,,60,0,5
2025-05-01,9.07,19.70,true,18.38,30,2,8
2025-05-02,10.10,,true,17.88,60,0,6
2025-05-03,10.62,,false,,75,0,6
2025-05-04,10.92,21.93,false,,75,0,3
2025-05-05,10.22,18.63,false,,20,0,7
2025-05-06,9.50,,false,,45,0,4
2025-05-07,10.13,,true,11.05,20,2,6
2025-05-08,16.67,20.70,false,,90,0,6
2025-05-09,9.23,,false,,60,1,4
2025-05-10,9.77,,false,,75,0,4
2025-05-11,8.55,,false,,60,0,2
2025-05-12,10.03,,true,17.08,45,0,6
2025-05-13,14.82,,true,9.92,10,0,4
2025-05-14,12.40,21.97,false,,60,0,3
2025-05-15,8.90,20.57,true,8.75,60,0,6
2025-05-16,8.22,,true,9.15,30,0,4
2025-05-17,11.65,20.80,true,11.58,60,0,4
2025-05-18,10.37,,true,7.92,75,2,4
2025-05-19,7.22,,false,,75,0,6
2025-05-20,8.67,18.15,true,12.08,20,0,3
2025-05-21,8.42,,true,16.63,20,1,4
2025-05-22,6.90,,false,,30,0,6
2025-05-23,8.17,,true,16.17,20,0,5
2025-05-24,10.20,,false,,30,0,3
2025-05-25,14.37,21.23,false,,45,3,4
2025-05-26,9.10,,true,9.12,75,2,8
2025-05-27,10.73,19.50,false,,60,2,5
2025-05-28,10.02,,true,9.83,120,0,4
2025-05-29,16.55,,false,,30,0,5
2025-05-30,8.58,,true,9.95,45,0,7
2025-05-31,,20.25,false,,90,0,3
2025-06-01,11.15,,true,7.70,60,0,6
2025-06-02,,,true,9.95,120,1,8
2025-06-03,17.97,,true,17.13,20,1,5
2025-06-04,9.42,,false,,45,0,6
2025-06-05,6.72,20.33,true,18.18,45,0,5
2025-06-06,8.52,19.80,true,18.28,45,0,9
2025-06-07,13.77,19.45,false,,45,2,5
2025-06-08,8.43,,false,,90,1,5
2025-06-09,8.58,,true,7.17,20,1,5
2025-06-10,9.35,19.58,false,,30,0,3
2025-06-11,,,true,11.68,45,2,4
2025-06-12,9.82,,false,,30,0,6
2025-06-13,7.85,,true,12.42,75,0,4
2025-06-14,10.30,,false,,60,3,5
2025-06-15,,,false,,60,0,6
2025-06-16,8.27,,false,,20,0,3
2025-06-17,14.58,21.55,false,,20,0,4
2025-06-18,14.32,20.47,false,,20,1,2
2025-06-19,14.33,,true,18.98,30,0,9
2025-06-20,7.63,,false,,75,0,6
2025-06-21,14.50,,false,,60,0,3
2025-06-22,8.87,,true,8.57,15,3,6
2025-06-23,6.45,,false,,60,0,4
2025-06-24,,19.75,false,,30,0,4
2025-06-25,8.80,,false,,60,0,6
2025-06-26,8.20,,true,8.67,45,0,7
2025-06-27,8.15,20.18,false,,30,0,5
2025-06-28,8.00,,true,9.85,60,0,5
2025-06-29,8.80,,true,17.07,75,0,6
2025-06-30,8.00,21.25,true,19.25,60,0,5
2025-07-01,9.22,,false,,30,0,6
2025-07-02,15.55,20.32,true,18.92,60,2,4
2025-07-03,6.83,18.83,true,19.62,60,0,6
2025-07-04,7.17,,false,,30,2,7
2025-07-05,10.15,,false,,30,0,7
2025-07-06,12.85,,false,,15,0,5
2025-07-07,6.75,19.73,true,11.57,30,1,4
2025-07-08,15.58,20.47,true,8.38,45,1,6
2025-07-09,14.65,,false,,30,1,6
2025-07-10,8.55,,false,,20,0,5
2025-07-11,7.70,21.13,true,6.10,45,0,6
2025-07-12,11.55,,false,,15,0,5
2025-07-13,14.68,,false,,30,2,2
2025-07-14,15.43,,false,,20,0,6
2025-07-15,13.07,,false,,20,1,6
2025-07-16,9.25,,false,,45,0,7
2025-07-17,10.72,,false,,75,0,4
2025-07-18,8.17,,false,,90,2,6
2025-07-19,,,true,12.87,90,1,4
2025-07-20,12.98,,true,10.42,15,0,3
2025-07-21,7.93,19.23,true,9.82,75,0,4
2025-07-22,10.98,,true,10.15,20,0,6
2025-07-23,13.08,,false,,30,0,5
2025-07-24,9.95,,false,,90,0,5
2025-07-25,10.08,,false,,30,1,5
2025-07-26,,21.78,false,,75,0,5
2025-07-27,10.03,20.33,false,,45,0,5
2025-07-28,9.63,,true,9.83,30,0,3
2025-07-29,6.42,19.45,false,,20,0,6
2025-07-30,11.20,,false,,45,0,4
2025-07-31,11.60,20.45,true,8.37,45,0,5
2025-08-01,,,false,,30,0,2
2025-08-02,9.38,20.08,true,7.65,120,3,6
2025-08-03,11.12,20.35,true,10.22,75,2,4
2025-08-04,17.73,,true,11.70,45,0,3
2025-08-05,11.28,20.00,true,16.70,75,0,8
2025-08-06,14.68,22.53,false,,20,0,8
2025-08-07,7.53,,false,,60,0,8
2025-08-08,9.78,19.37,true,9.53,30,0,4
2025-08-09,15.02,,false,,45,0,4
2025-08-10,12.55,,false,,75,0,3
2025-08-11,16.97,,true,7.68,20,0,7
2025-08-12,,20.55,false,,30,2,7
2025-08-13,10.17,20.77,true,9.93,20,0,5
2025-08-14,,,true,16.87,75,2,4
2025-08-15,7.18,22.65,true,11.23,45,0,2
2025-08-16,12.13,,false,,90,0,6
2025-08-17,9.20,19.00,false,,120,0,5
2025-08-18,8.18,,false,,75,0,5
2025-08-19,8.42,,false,,75,1,5
2025-08-20,,,true,12.75,60,0,5
2025-08-21,6.25,,true,16.58,30,1,9
2025-08-22,9.93,21.48,true,8.97,20,0,3
2025-08-23,10.77,,true,11.95,75,0,4
2025-08-24,9.62,,false,,90,0,3
2025-08-25,11.17,,true,7.47,45,0,7
2025-08-26,16.65,,true,9.82,20,0,8
2025-08-27,,18.82,false,,30,0,7
2025-08-28,10.12,,false,,10,1,2
2025-08-29,9.85,21.25,true,16.48,30,0,6
2025-08-30,10.65,,false,,45,0,2
2025-08-31,9.03,,false,,45,3,1
2025-09-01,7.72,20.73,false,,60,0,5
2025-09-02,15.08,,true,18.87,20,0,6
2025-09-03,7.73,,true,9.22,60,0,3
2025-09-04,10.08,,false,,90,3,4
2025-09-05,8.55,,false,,90,0,5
2025-09-06,10.85,20.75,true,8.12,15,1,2
2025-09-07,12.43,19.58,false,,45,1,5
2025-09-08,7.32,,true,6.72,30,0,6
2025-09-09,,,true,17.98,60,2,7
2025-09-10,9.67,,false,,75,0,7
2025-09-11,,20.60,false,,30,0,4
2025-09-12,12.93,,true,7.88,10,3,6
2025-09-13,11.40,18.83,false,,90,0,1
2025-09-14,10.25,21.32,true,9.12,60,0,3
2025-09-15,9.85,,true,8.98,45,1,5
2025-09-16,12.10,,false,,60,0,7
2025-09-17,11.55,19.03,false,,45,0,5
2025-09-18,9.70,,true,17.67,75,0,4
2025-09-19,8.47,,true,8.12,10,0,6
2025-09-20,10.33,21.85,true,8.07,60,3,4
2025-09-21,8.95,,true,7.45,60,2,6
2025-09-22,11.47,,true,17.75,60,1,3
2025-09-23,,,false,,20,1,6
2025-09-24,8.68,,true,8.23,20,1,4
2025-09-25,7.97,,false,,75,0,2
2025-09-26,8.48,,true,9.60,20,0,7
2025-09-27,10.68,19.48,true,9.65,45,0,4
2025-09-28,9.73,,false,,60,2,4
2025-09-29,11.07,,false,,75,0,6
2025-09-30,7.47,22.07,false,,60,0,7
2025-10-01,10.05,21.93,false,,60,1,7
2025-10-02,9.30,20.20,true,18.32,45,2,5
2025-10-03,,22.37,false,,45,0,6
2025-10-04,13.05,20.05,true,11.37,30,0,1
2025-10-05,11.67,19.40,true,8.18,60,0,4
2025-10-06,,,true,19.70,20,0,6
2025-10-07,14.70,22.08,true,17.92,45,1,6
2025-10-08,7.53,21.40,true,8.63,10,0,7
2025-10-09,8.98,,true,19.60,45,0,6
2025-10-10,,20.55,false,,120,1,5
2025-10-11,14.08,20.70,false,,30,1,5
2025-10-12,8.35,,true,10.95,60,2,4
2025-10-13,,,true,6.98,45,0,7
2025-10-14,10.62,18.30,false,,45,0,3
2025-10-15,13.28,20.28,false,,10,0,4
2025-10-16,7.47,18.83,false,,45,1,8
2025-10-17,7.15,,false,,75,1,5
2025-10-18,11.77,,true,16.37,30,0,6
2025-10-19,10.50,20.80,false,,45,2,4
2025-10-20,9.45,21.47,true,9.55,60,0,8
2025-10-21,16.45,,false,,30,0,7
2025-10-22,10.48,,false,,60,0,4
2025-10-23,11.18,17.00,false,,10,0,3
2025-10-24,8.30,17.65,true,18.70,75,0,6
2025-10-25,15.08,,true,16.95,75,2,3
2025-10-26,9.30,,false,,75,3,3
2025-10-27,14.82,,true,17.28,60,0,5
2025-10-28,16.27,18.98,true,9.68,45,0,7
2025-10-29,10.97,19.03,true,11.27,60,0,5
2025-10-30,6.03,,true,16.95,30,0,7
2025-10-31,9.42,,false,,60,0,2
2025-11-01,,,false,,75,3,4
2025-11-02,10.67,,false,,60,3,3
2025-11-03,12.30,,true,6.40,60,0,5
2025-11-04,11.52,20.78,true,6.02,60,0,5
2025-11-05,9.32,,false,,75,2,2
2025-11-06,8.77,18.85,false,,45,2,8
2025-11-07,12.23,,true,7.68,10,2,6
2025-11-08,11.00,17.32,false,,30,1,6
2025-11-09,13.12,,false,,45,2,4
2025-11-10,17.72,18.72,false,,20,1,7
2025-11-11,10.35,19.80,true,16.58,20,0,6
2025-11-12,12.67,,false,,10,0,2
2025-11-13,7.68,,true,16.83,60,0,4
2025-11-14,9.43,18.73,true,8.52,45,0,7
2025-11-15,10.58,18.55,false,,75,3,7
2025-11-16,10.67,,true,8.83,30,2,6
2025-11-17,7.98,20.30,true,8.65,75,1,2
2025-11-18,15.18,17.53,true,18.77,30,0,5
2025-11-19,14.23,,true,7.78,30,0,8
2025-11-20,10.05,,true,18.48,20,0,5
2025-11-21,8.28,18.73,false,,30,0,5
2025-11-22,12.23,,false,,90,1,5
2025-11-23,15.90,19.55,false,,120,1,6
2025-11-24,12.78,,true,9.23,75,0,3
2025-11-25,6.03,20.82,true,9.42,45,1,7
2025-11-26,8.58,,false,,30,0,5
2025-11-27,17.02,,true,16.90,45,0,9
2025-11-28,7.75,21.38,false,,60,0,6
2025-11-29,11.55,19.28,false,,75,1,3
2025-11-30,11.35,,true,18.72,60,0,4
2025-12-01,6.38,20.07,false,,60,0,5
2025-12-02,10.78,,false,,90,0,7
2025-12-03,8.28,,true,7.38,30,0,6
2025-12-04,11.72,,false,,45,0,6
2025-12-05,16.93,21.48,true,9.18,30,2,3
2025-12-06,11.52,19.67,true,9.72,75,0,3
2025-12-07,11.30,17.85,true,18.68,60,1,5
2025-12-08,9.70,,false,,30,0,3
2025-12-09,7.27,19.30,false,,10,0,5
2025-12-10,15.75,,true,8.75,60,0,4
2025-12-11,6.33,,true,9.22,45,0,5
2025-12-12,8.57,,true,7.02,30,0,3
2025-12-13,10.00,,false,,75,1,3
2025-12-14,,,false,,120,2,5
2025-12-15,15.35,,false,,90,0,6
2025-12-16,9.88,19.33,true,12.62,45,1,7
2025-12-17,7.90,20.08,false,,30,0,6
