sleep_log_entry_id,timestamp,overall_score,composition_score,revitalization_score,duration_score,deep_sleep_in_minutes,resting_heart_rate,restlessness
50000000000,2024-12-18T06:47:17Z,74,,74,,107,71,0.06347755330517664
50009769668,2024-12-19T06:14:32Z,62,,62,,74,65,0.10695254277703123
50018936484,2024-12-20T09:00:48Z,79,,79,,69,63,0.09053976516026097
50027365184,2024-12-21T06:06:22Z,81,,81,,106,63,0.07837699518687370
50035888742,2024-12-22T10:24:05Z,61,,61,,63,65,0.11464112871540573
50046843930,2024-12-23T06:42:14Z,76,,76,,66,59,0.07813641209473743
50058342442,2024-12-24T07:23:22Z,74,,74,,101,69,0.08539913152788242
50068582787,2024-12-25T08:10:29Z,51,,51,,55,73,0.16215675547399183
50079805327,2024-12-26T09:14:52Z,82,,82,,73,69,0.08268720205914010
50090816477,2024-12-27T07:41:31Z,56,,56,,56,71,0.12469933892549639
50101077111,2024-12-28T07:37:27Z,83,,83,,68,65,0.08038105174705859
50109458412,2024-12-29T09:55:07Z,78,,78,,98,68,0.06254110824607828
50119059039,2024-12-30T08:29:33Z,72,,72,,103,72,0.08726841476106299
50129311255,2024-12-31T09:49:41Z,70,,70,,60,71,0.09503411761512777
50138415988,2025-01-01T10:48:11Z,68,,68,,80,68,0.09193466610588398
50147984296,2025-01-02T09:34:49Z,92,,92,,121,63,0.07716394465058468
50159669922,2025-01-03T10:51:19Z,73,,73,,65,69,0.07943961853266455
50167960220,2025-01-04T10:34:49Z,83,,83,,70,70,0.07060226515760236
50179619469,2025-01-05T08:13:59Z,64,,64,,59,65,0.10393953799984576
50190436728,2025-01-06T08:28:57Z,69,,69,,61,66,0.11323529134546879
50200904824,2025-01-07T07:04:45Z,67,,67,,61,65,0.09428027806213972
50211710720,2025-01-08T08:34:08Z,69,,69,,55,62,0.12844981986599863
50220509357,2025-01-09T06:42:27Z,66,,66,,43,70,0.13904991268195799
50228922151,2025-01-10T06:46:21Z,75,,75,,94,66,0.07687526559337617
50238090454,2025-01-11T08:55:59Z,88,,88,,96,69,0.04202353318099525
50248357844,2025-01-12T09:05:59Z,76,,76,,90,64,0.06854989196796726
50258039928,2025-01-13T10:10:24Z,82,,82,,110,68,0.07692029943960652
50269103889,2025-01-14T10:35:42Z,72,,72,,63,66,0.08168780805497097
50280241125,2025-01-15T07:03:37Z,51,,51,,23,69,0.13041449048127629
50289020531,2025-01-16T06:04:43Z,78,,78,,96,65,0.08378076614133764
50299618405,2025-01-17T06:42:37Z,66,,66,,60,66,0.10374715080747528
50310435677,2025-01-18T08:59:48Z,77,,77,,96,67,0.09984385791420378
50318742954,2025-01-19T08:32:16Z,82,,82,,75,69,0.07478108354955536
50327404592,2025-01-20T07:34:45Z,63,,63,,73,75,0.12902624810692770
50336660277,2025-01-21T10:06:56Z,77,,77,,95,68,0.07127025085831577
50345543721,2025-01-22T08:13:43Z,68,,68,,43,65,0.10541454635382359
50354704201,2025-01-23T06:21:49Z,93,,93,,118,74,0.05710747675922717
50362744758,2025-01-24T06:56:44Z,82,,82,,97,66,0.07719146851523087
50370920200,2025-01-25T07:57:59Z,79,,79,,73,61,0.08728266753242306
50381717521,2025-01-26T06:49:35Z,82,,82,,69,65,0.09703055290278227
50390710469,2025-01-27T09:51:51Z,79,,79,,81,71,0.07646852666206215
50401520263,2025-01-28T09:51:15Z,72,,72,,62,74,0.06889734870182658
50412945275,2025-01-29T10:22:19Z,83,,83,,102,62,0.07313047804790826
50424570634,2025-01-30T06:49:17Z,65,,65,,74,70,0.08165603210717816
50436249199,2025-01-31T10:11:37Z,82,,82,,87,67,0.09145712712814728
50446079567,2025-02-01T08:32:07Z,69,,69,,67,69,0.08010147669311778
50457961710,2025-02-02T09:43:46Z,89,,89,,117,65,0.04279895244505241
50468747724,2025-02-03T10:39:20Z,69,,69,,72,66,0.10450357451715302
50478435513,2025-02-04T08:35:08Z,79,,79,,107,73,0.08462059663805523
50487697788,2025-02-05T07:53:00Z,70,,70,,98,70,0.07859952760988057
50497552340,2025-02-06T08:32:30Z,79,,79,,102,60,0.08061808039660866
50508207086,2025-02-07T08:05:52Z,81,,81,,72,66,0.06184854872371034
50518199952,2025-02-08T08:49:04Z,60,,60,,64,69,0.10966263014062622
50527223296,2025-02-09T06:44:00Z,87,,87,,139,63,0.05700584775770937
50535961018,2025-02-10T09:44:33Z,59,,59,,47,69,0.12808499610333587
50546761041,2025-02-11T08:35:38Z,66,,66,,72,72,0.13441128382736683
50556631338,2025-02-12T09:47:55Z,66,,66,,80,68,0.12666049012003833
50566663885,2025-02-13T08:17:28Z,81,,81,,80,70,0.06322310630630673
50575296514,2025-02-14T07:44:09Z,72,,72,,94,67,0.06249062842334341
50586789912,2025-02-15T07:57:49Z,64,,64,,76,65,0.10282286173566271
50594814641,2025-02-16T10:19:48Z,62,,62,,74,71,0.12485094013868306
50605105285,2025-02-17T09:31:14Z,72,,72,,102,72,0.07617266676550549
50613797532,2025-02-18T09:58:08Z,84,,84,,97,68,0.06108408185361250
50624493419,2025-02-19T07:55:29Z,77,,77,,89,70,0.09044918831576108
50634083589,2025-02-20T07:53:26Z,74,,74,,94,69,0.09807678769527683
50643024044,2025-02-21T08:49:41Z,76,,76,,61,69,0.06954179767555624
50653010303,2025-02-22T08:36:13Z,70,,70,,98,68,0.08428989975563728
50664147330,2025-02-23T08:49:52Z,79,,79,,79,70,0.08303186913649657
50675955867,2025-02-24T10:25:45Z,76,,76,,75,71,0.09089923539804896
50687522255,2025-02-25T08:51:07Z,78,,78,,94,65,0.07482283504872225
50697644408,2025-02-26T08:00:54Z,63,,63,,63,70,0.12972243866014749
50708611075,2025-02-27T07:11:46Z,58,,58,,74,68,0.10789242629807047
50720074456,2025-02-28T08:17:20Z,85,,85,,146,64,0.07001905127308025
50730464578,2025-03-01T08:24:21Z,93,,93,,101,69,0.05950199729565378
50739952821,2025-03-02T09:21:17Z,87,,87,,107,64,0.06223164111678335
50750119712,2025-03-03T10:05:15Z,72,,72,,108,65,0.07904372443136659
50761105395,2025-03-04T08:50:01Z,80,,80,,104,69,0.08655840086387265
50770653178,2025-03-05T08:33:22Z,60,,60,,61,70,0.10722471577119072
50779939248,2025-03-06T07:07:46Z,76,,76,,94,71,0.08760654216562207
50788742629,2025-03-07T07:30:17Z,70,,70,,93,61,0.09922042521850052
50800234925,2025-03-08T07:14:23Z,78,,78,,94,68,0.06506331839391927
50808425831,2025-03-09T10:35:18Z,76,,76,,108,66,0.07963514778095115
50820086282,2025-03-10T06:18:30Z,65,,65,,43,68,0.13170337787765080
50828564798,2025-03-11T09:25:31Z,87,,87,,93,70,0.07244568305100191
50840545719,2025-03-12T07:15:07Z,65,,65,,78,68,0.09354122822390208
50850737547,2025-03-13T07:58:28Z,71,,71,,87,72,0.08484109284288595
50861294524,2025-03-14T10:06:48Z,76,,76,,102,70,0.06959460710698770
50871609747,2025-03-15T06:00:26Z,67,,67,,58,69,0.08195839132285546
50880818146,2025-03-16T08:44:55Z,66,,66,,56,69,0.12726968159880389
50891439829,2025-03-17T08:51:59Z,76,,76,,74,70,0.09633645780850425
50902906971,2025-03-18T06:03:10Z,78,,78,,96,65,0.07756613794694950
50912872832,2025-03-19T08:17:32Z,64,,64,,78,67,0.10592171984964636
50922224746,2025-03-20T08:01:05Z,76,,76,,96,73,0.06082981824862135
50933432383,2025-03-21T08:17:36Z,91,,91,,120,70,0.05768917617680812
50942599056,2025-03-22T07:37:27Z,71,,71,,65,65,0.07880041579841407
50952311792,2025-03-23T07:42:06Z,82,,82,,104,66,0.07981876083857350
50963090868,2025-03-24T10:52:48Z,64,,64,,60,67,0.08695529608585748
50974331168,2025-03-25T07:32:52Z,89,,89,,124,68,0.04216816341506915
50984505660,2025-03-26T07:48:31Z,63,,63,,53,65,0.08786079373702679
50993713741,2025-03-27T07:44:31Z,94,,94,,128,75,0.06839131300401037
51003017121,2025-03-28T08:35:26Z,95,,95,,148,73,0.07788242969437426
51013733812,2025-03-29T09:31:59Z,76,,76,,77,64,0.07661961371741412
51023757561,2025-03-30T10:15:29Z,70,,70,,98,67,0.08032963566371576
51035445722,2025-03-31T06:04:17Z,77,,77,,81,64,0.08030950703238626
51046887355,2025-04-01T06:46:19Z,81,,81,,102,65,0.06594381673531156
51057146325,2025-04-02T08:21:35Z,75,,75,,80,67,0.09923098525330379
51066147948,2025-04-03T08:14:54Z,75,,75,,107,68,0.09653720671278504
51075746947,2025-04-04T07:42:50Z,87,,87,,121,62,0.04504985079237555
51086222343,2025-04-05T07:06:55Z,80,,80,,89,67,0.06061390391661042
51094826974,2025-04-06T07:41:09Z,90,,90,,106,70,0.05354244936205727
51105732387,2025-04-07T07:05:54Z,67,,67,,74,73,0.09899966923600398
51116746906,2025-04-08T09:31:55Z,61,,61,,55,68,0.13525574592681783
51125701052,2025-04-09T08:27:06Z,76,,76,,66,64,0.08776004651172939
51137490287,2025-04-10T06:20:50Z,83,,83,,87,69,0.08124665272595040
51147863961,2025-04-11T08:11:10Z,81,,81,,84,73,0.06963319167425253
51159692643,2025-04-12T08:14:29Z,72,,72,,102,65,0.06037589725819484
51171067518,2025-04-13T08:18:43Z,74,,74,,82,67,0.09950606780873886
51180322261,2025-04-14T08:27:44Z,74,,74,,72,76,0.09413341834640743
51188769597,2025-04-15T07:36:22Z,47,,47,,38,64,0.22790488299406972
51198429726,2025-04-16T07:36:55Z,68,,68,,43,65,0.12471032924803821
51209922905,2025-04-17T10:18:49Z,79,,79,,82,64,0.06760527957108353
51218974109,2025-04-18T08:42:43Z,82,,82,,100,66,0.07235731535810544
51228823055,2025-04-19T06:23:46Z,89,,89,,110,73,0.06989923459753486
51237559742,2025-04-20T07:50:34Z,83,,83,,92,66,0.09653947897926787
51249042996,2025-04-21T07:58:52Z,95,,95,,108,67,0.05354861015207545
51257526052,2025-04-22T08:04:09Z,75,,75,,103,67,0.09919768971127614
51269073361,2025-04-23T09:23:05Z,75,,75,,94,68,0.07474342634464157
51280214943,2025-04-24T08:37:24Z,85,,85,,96,63,0.05885907471925755
51290813510,2025-04-25T09:35:20Z,81,,81,,64,68,0.07857070145290722
51301754040,2025-04-26T07:26:07Z,90,,90,,109,74,0.07983709499020118
51310241084,2025-04-27T06:56:34Z,83,,83,,102,71,0.09797523073647622
51321162349,2025-04-28T10:26:37Z,74,,74,,86,68,0.09334772333185287
51331744581,2025-04-29T07:17:02Z,72,,72,,88,68,0.09421800773223818
51340161304,2025-04-30T10:23:34Z,86,,86,,93,66,0.04759234248644318
51348673678,2025-05-01T10:52:29Z,80,,80,,100,71,0.06085429818945482
51359973733,2025-05-02T07:08:50Z,71,,71,,108,69,0.08345532334326247
51371383924,2025-05-03T09:21:49Z,88,,88,,90,73,0.05109099383902732
51379990789,2025-05-04T10:34:16Z,79,,79,,61,67,0.06527212918247589
51389493366,2025-05-05T09:15:37Z,72,,72,,63,70,0.07683842227640317
51397970045,2025-05-06T08:30:28Z,77,,77,,66,66,0.06886199025673140
51408549990,2025-05-07T06:50:58Z,83,,83,,89,67,0.06124602558041375
51418558985,2025-05-08T09:27:43Z,87,,87,,118,71,0.04323161909643168
51429110369,2025-05-09T06:08:17Z,65,,65,,60,66,0.11584351131195880
51438347259,2025-05-10T08:38:27Z,88,,88,,144,71,0.06618851830092569
51450028625,2025-05-11T09:46:55Z,79,,79,,74,71,0.07655254284707654
51461499072,2025-05-12T08:26:46Z,83,,83,,102,70,0.09814370070476500
51472379808,2025-05-13T10:04:05Z,77,,77,,66,69,0.07490587437503614
51480925551,2025-05-14T08:37:35Z,61,,61,,66,67,0.11992043120017493
51492072471,2025-05-15T07:58:46Z,82,,82,,79,70,0.08311674073559419
51500964762,2025-05-16T07:30:14Z,80,,80,,95,67,0.09050422527747400
51511372711,2025-05-17T07:27:54Z,65,,65,,79,66,0.11681439683212790
51522068386,2025-05-18T08:42:53Z,77,,77,,77,68,0.08810795091462419
51531364361,2025-05-19T10:22:00Z,77,,77,,102,71,0.06567498616605075
51542020076,2025-05-20T10:05:47Z,65,,65,,69,68,0.10220318554862023
51553046668,2025-05-21T07:36:38Z,77,,77,,70,70,0.06199049969731828
51561388845,2025-05-22T07:42:27Z,64,,64,,57,69,0.11074077834806630
51570836604,2025-05-23T07:18:43Z,69,,69,,59,65,0.10371580376525774
51581350355,2025-05-24T06:13:19Z,90,,90,,138,67,0.05022078016085837
51590726599,2025-05-25T06:31:47Z,74,,74,,94,69,0.08814685053530655
51600824851,2025-05-26T08:42:51Z,68,,68,,42,72,0.10758525502137650
51609151430,2025-05-27T09:36:27Z,60,,60,,66,67,0.10430193842389728
51618513606,2025-05-28T07:39:29Z,86,,86,,95,63,0.04423452533582344
51628340965,2025-05-29T08:33:05Z,68,,68,,61,70,0.12674707211619590
51636661323,2025-05-30T08:07:33Z,53,,53,,42,69,0.24456903536962954
51647368507,2025-05-31T09:15:06Z,81,,81,,98,70,0.06611479156023720
51658552622,2025-06-01T08:11:49Z,72,,72,,97,66,0.07795621027980253
51670428805,2025-06-02T09:41:40Z,85,,85,,110,68,0.04273145033983024
51680283560,2025-06-03T08:50:17Z,67,,67,,69,68,0.08341340305003714
51691771948,2025-06-04T07:41:55Z,80,,80,,84,69,0.08217265485353216
51703093072,2025-06-05T08:02:28Z,86,,86,,128,67,0.04603444306782555
51711352589,2025-06-06T08:51:57Z,90,,90,,131,61,0.04990974894393137
51721188680,2025-06-07T10:33:33Z,73,,73,,84,66,0.07635077588989281
51730607894,2025-06-08T08:03:50Z,73,,73,,95,66,0.08713517379360325
51739799692,2025-06-09T07:54:42Z,88,,88,,95,69,0.04565713522337271
51749266946,2025-06-10T07:41:44Z,73,,73,,65,68,0.07506717224225201
51760587416,2025-06-11T07:08:42Z,69,,69,,73,62,0.12022736240479635
51770720171,2025-06-12T07:23:19Z,79,,79,,91,71,0.09999906484412115
51779370058,2025-06-13T06:54:50Z,90,,90,,146,72,0.06647716949485671
51791045915,2025-06-14T09:08:38Z,76,,76,,109,70,0.08498961919815651
51802831928,2025-06-15T07:28:02Z,68,,68,,68,71,0.11663572532754896
51813987685,2025-06-16T08:28:14Z,68,,68,,70,70,0.09164097057335420
51824832710,2025-06-17T10:29:49Z,74,,74,,70,74,0.09205036896606190
51833413195,2025-06-18T09:03:41Z,67,,67,,73,71,0.09710378084355971
51844613938,2025-06-19T07:28:57Z,56,,56,,54,70,0.13307778642308046
51856516620,2025-06-20T06:03:25Z,69,,69,,63,70,0.09912109252698388
51864932204,2025-06-21T09:41:21Z,79,,79,,90,68,0.08784287954303935
51873514342,2025-06-22T09:30:28Z,65,,65,,53,65,0.13009778595694288
51883816193,2025-06-23T10:38:33Z,60,,60,,47,72,0.10518953262520658
51895146047,2025-06-24T08:04:07Z,82,,82,,100,67,0.06967752537683973
51903748251,2025-06-25T07:00:39Z,67,,67,,45,73,0.10163622546241254
51915747115,2025-06-26T08:32:50Z,88,,88,,120,69,0.05547525286109430
51925312858,2025-06-27T07:01:22Z,78,,78,,100,67,0.08327613286232560
51936486599,2025-06-28T07:02:22Z,64,,64,,69,68,0.13884915114733098
51946493704,2025-06-29T08:51:08Z,91,,91,,108,71,0.04806363971346804
51957811856,2025-06-30T07:02:20Z,87,,87,,124,69,0.04146483086147634
51968525153,2025-07-01T07:22:55Z,79,,79,,67,65,0.07747805532499746
51978202965,2025-07-02T08:57:24Z,72,,72,,83,73,0.08077103414139768
51989563223,2025-07-03T06:27:05Z,45,,45,,38,74,0.13040895843974937
52000335319,2025-07-04T07:28:38Z,74,,74,,88,68,0.09480148700225569
52009814059,2025-07-05T08:27:17Z,69,,69,,80,65,0.10437261389045915
52019966097,2025-07-06T09:43:10Z,83,,83,,110,69,0.07752691299760311
52028495544,2025-07-07T06:49:41Z,69,,69,,78,72,0.10699535412288765
52038051481,2025-07-08T07:48:04Z,64,,64,,57,68,0.08680691675510109
52049137125,2025-07-09T07:33:24Z,80,,80,,105,69,0.09985460448619043
52058334921,2025-07-10T08:31:12Z,89,,89,,147,75,0.07989049616092167
52069734459,2025-07-11T08:54:20Z,68,,68,,58,67,0.13108172304518756
52080720002,2025-07-12T08:44:40Z,81,,81,,72,72,0.09168262694444564
52089712945,2025-07-13T09:01:23Z,72,,72,,95,68,0.06519084918855081
52101421743,2025-07-14T06:19:25Z,91,,91,,139,70,0.06299602033905706
52109947401,2025-07-15T10:41:04Z,61,,61,,75,72,0.09091778819312825
52118488604,2025-07-16T07:58:55Z,80,,80,,70,70,0.09738951346556310
52127434294,2025-07-17T10:57:18Z,80,,80,,95,68,0.08500089445794362
52138011392,2025-07-18T08:32:41Z,86,,86,,132,76,0.07608003574762907
52147427471,2025-07-19T09:36:02Z,78,,78,,101,68,0.09084089475177862
52156537518,2025-07-20T08:49:36Z,69,,69,,80,71,0.11273464901283606
52167229872,2025-07-21T10:30:15Z,80,,80,,64,66,0.06632321788060828
52176973115,2025-07-22T08:13:21Z,69,,69,,62,69,0.08784596909314318
52186527273,2025-07-23T08:06:20Z,76,,76,,69,71,0.07160848019879607
52196138514,2025-07-24T09:26:15Z,95,,95,,149,69,0.05250859683449093
52207339277,2025-07-25T07:32:29Z,66,,66,,65,70,0.13800119783314854
52216241658,2025-07-26T08:03:03Z,77,,77,,103,73,0.07882347413472783
52226492702,2025-07-27T06:06:27Z,82,,82,,85,71,0.07463749410070251
52236172863,2025-07-28T06:35:12Z,70,,70,,88,72,0.07118882710495927
52246786927,2025-07-29T08:07:08Z,86,,86,,111,70,0.05462425492851888
52255392028,2025-07-30T07:32:25Z,72,,72,,81,70,0.08077330841332334
52264016730,2025-07-31T08:32:08Z,68,,68,,79,74,0.09795406055169910
52273427582,2025-08-01T08:32:34Z,63,,63,,41,70,0.12042838354838101
52283174678,2025-08-02T08:50:57Z,76,,76,,90,64,0.07062121747942886
52293924425,2025-08-03T09:49:37Z,67,,67,,50,67,0.11145393995748099
52304949285,2025-08-04T08:53:24Z,84,,84,,104,73,0.06075749470026450
52314265006,2025-08-05T07:26:44Z,79,,79,,90,74,0.08943349085074725
52322526232,2025-08-06T08:33:13Z,43,,43,,44,66,0.14251371510145261
52334351958,2025-08-07T08:34:22Z,67,,67,,56,65,0.09153585014820281
52343385934,2025-08-08T07:19:14Z,95,,95,,135,66,0.06819953038960787
52352715699,2025-08-09T08:35:59Z,90,,90,,126,67,0.06706488983130182
52362308251,2025-08-10T09:25:52Z,70,,70,,62,73,0.07150521366456560
52373303576,2025-08-11T06:59:28Z,66,,66,,74,65,0.11372108118064909
52382442839,2025-08-12T06:39:47Z,69,,69,,73,68,0.09397019358835718
52390863099,2025-08-13T07:45:30Z,88,,88,,125,74,0.04631764304843767
52401601529,2025-08-14T10:56:30Z,70,,70,,80,70,0.06236650344965963
52412825795,2025-08-15T06:36:14Z,61,,61,,51,69,0.13025629334559533
52424742950,2025-08-16T10:25:50Z,61,,61,,58,70,0.13260459007507541
52432781819,2025-08-17T07:38:06Z,85,,85,,131,69,0.06173201934227900
52442853437,2025-08-18T09:08:54Z,68,,68,,61,70,0.10753486826194167
52451932484,2025-08-19T08:00:47Z,71,,71,,72,72,0.09424586017093831
52463694954,2025-08-20T07:27:32Z,70,,70,,68,73,0.09743301548005553
52471723601,2025-08-21T07:15:28Z,76,,76,,106,63,0.07046212603261572
52481231671,2025-08-22T08:03:42Z,82,,82,,92,73,0.09551205656038435
52492460618,2025-08-23T07:07:40Z,85,,85,,104,68,0.07829442147420906
52502466258,2025-08-24T07:47:38Z,71,,71,,108,73,0.08150070750772803
52513251671,2025-08-25T09:48:15Z,70,,70,,93,67,0.08815064500623490
52521579257,2025-08-26T10:07:03Z,85,,85,,124,64,0.05312470550968826
52531761727,2025-08-27T07:43:13Z,74,,74,,88,68,0.07813729200719127
52541914444,2025-08-28T07:36:03Z,61,,61,,41,69,0.12898719355598784
52553042574,2025-08-29T07:04:02Z,62,,62,,43,74,0.08414114876961883
52564959112,2025-08-30T08:18:26Z,81,,81,,106,71,0.08583523272388655
52574722237,2025-08-31T07:57:24Z,61,,61,,45,72,0.12096382124609249
52585497996,2025-09-01T09:08:41Z,78,,78,,94,69,0.06509388349290435
52594432026,2025-09-02T09:48:01Z,86,,86,,136,70,0.06127734433987035
52605885449,2025-09-03T07:29:22Z,78,,78,,106,73,0.06128869259639924
52616654518,2025-09-04T07:49:59Z,76,,76,,73,70,0.08375776589917430
52626527027,2025-09-05T08:45:55Z,90,,90,,115,72,0.06159039235629714
52637691149,2025-09-06T09:03:08Z,71,,71,,106,70,0.08304441342321148
52648113253,2025-09-07T08:43:52Z,75,,75,,69,72,0.09942782242900504
52658299538,2025-09-08T07:19:17Z,95,,95,,146,74,0.04700532753050123
52669146422,2025-09-09T07:31:03Z,95,,95,,132,69,0.06097852239571049
52680066951,2025-09-10T07:09:19Z,63,,63,,70,74,0.09352067290279407
52691663739,2025-09-11T08:51:29Z,86,,86,,116,69,0.04536371004236312
52700682361,2025-09-12T07:21:41Z,84,,84,,83,71,0.08898338849228808
52709481298,2025-09-13T06:24:43Z,76,,76,,64,69,0.06752653175731022
52720676084,2025-09-14T08:42:35Z,79,,79,,81,72,0.07212752102524631
52732488681,2025-09-15T10:47:07Z,74,,74,,75,65,0.08815074330702816
52742152276,2025-09-16T10:35:20Z,76,,76,,94,67,0.07233689137147713
52751660734,2025-09-17T08:31:29Z,95,,95,,120,75,0.05280933139155224
52760512712,2025-09-18T07:26:02Z,68,,68,,49,68,0.11319869381253045
52770962319,2025-09-19T08:26:18Z,80,,80,,84,72,0.06982920065501376
52781271881,2025-09-20T08:43:21Z,77,,77,,106,74,0.08566777817594828
52791329588,2025-09-21T08:46:50Z,75,,75,,94,70,0.07953265285016529
52803175342,2025-09-22T09:41:03Z,56,,56,,44,70,0.12009293260358918
52814381211,2025-09-23T06:08:53Z,72,,72,,69,68,0.08022931678772260
52823946528,2025-09-24T06:40:42Z,95,,95,,132,67,0.04026449427968636
52834260288,2025-09-25T07:01:33Z,72,,72,,78,65,0.09252628883655639
52845087387,2025-09-26T07:58:11Z,78,,78,,69,70,0.08479123369647741
52854146105,2025-09-27T09:17:50Z,71,,71,,85,71,0.07835990982204741
52863166192,2025-09-28T10:14:19Z,71,,71,,101,63,0.09966698821133946
52873892046,2025-09-29T09:05:25Z,65,,65,,43,73,0.12217070900114638
52882238856,2025-09-30T08:27:41Z,77,,77,,66,67,0.09676608861760848
52891202566,2025-10-01T07:55:44Z,83,,83,,62,68,0.08737714973854566
52900378535,2025-10-02T09:36:42Z,95,,95,,110,70,0.04828632461638335
52908983318,2025-10-03T09:45:52Z,71,,71,,70,71,0.08266783679564313
52920546137,2025-10-04T07:57:34Z,71,,71,,68,73,0.09161992340936601
52931437314,2025-10-05T08:32:47Z,80,,80,,87,69,0.06928576017578680
52939756157,2025-10-06T07:49:39Z,84,,84,,109,69,0.08536491789618940
52951042596,2025-10-07T10:31:14Z,60,,60,,67,75,0.11515250727266307
52960636736,2025-10-08T06:39:18Z,79,,79,,65,65,0.07519999972333823
52971924610,2025-10-09T08:47:24Z,73,,73,,60,72,0.07778943459985181
52983117928,2025-10-10T07:08:05Z,79,,79,,95,73,0.06413171709366497
52991493816,2025-10-11T07:05:38Z,72,,72,,84,67,0.06049362459535818
53001229461,2025-10-12T07:05:46Z,92,,92,,105,65,0.06287841722998158
53009940743,2025-10-13T08:10:08Z,74,,74,,69,71,0.07738705077050979
53019706974,2025-10-14T07:50:04Z,59,,59,,80,75,0.11700012752214740
53029627384,2025-10-15T07:25:21Z,80,,80,,81,66,0.07722464883788689
53041081541,2025-10-16T09:38:08Z,70,,70,,104,72,0.07256733124781765
53050751878,2025-10-17T10:18:47Z,71,,71,,96,66,0.07303544949771622
53059927542,2025-10-18T09:25:23Z,85,,85,,127,71,0.07989059702921780
53068682211,2025-10-19T08:35:01Z,86,,86,,135,67,0.04838593585445134
53080027946,2025-10-20T07:44:04Z,82,,82,,86,64,0.06556716490785361
53089298118,2025-10-21T07:42:09Z,71,,71,,64,64,0.08391735419012150
53099740226,2025-10-22T07:32:59Z,88,,88,,124,66,0.07873712162957475
53110683093,2025-10-23T09:34:38Z,72,,72,,109,68,0.08658775548786188
53119380767,2025-10-24T08:02:36Z,89,,89,,115,69,0.05326386808327340
53130720402,2025-10-25T07:00:06Z,77,,77,,93,72,0.08231973665372083
53141604675,2025-10-26T08:28:23Z,67,,67,,77,71,0.12142623834332786
53150236945,2025-10-27T07:01:30Z,83,,83,,65,70,0.09762704632584773
53158831173,2025-10-28T07:21:29Z,77,,77,,82,65,0.07752663753092108
53169753609,2025-10-29T08:04:19Z,90,,90,,91,71,0.06591879669110855
53180593737,2025-10-30T09:59:47Z,75,,75,,70,70,0.07705477534486729
53190531732,2025-10-31T07:25:40Z,80,,80,,87,73,0.08949553478184549
53202235710,2025-11-01T07:37:27Z,68,,68,,53,71,0.09670068983092554
53213187492,2025-11-02T09:04:36Z,91,,91,,101,72,0.05463172117650059
53222014081,2025-11-03T08:16:42Z,82,,82,,100,66,0.07554557043650997
53231660529,2025-11-04T08:22:22Z,82,,82,,103,66,0.07189779338797407
53242237863,2025-11-05T08:43:08Z,72,,72,,67,70,0.08773746166865783
53252380417,2025-11-06T07:38:08Z,65,,65,,71,68,0.12160597559176133
53263086833,2025-11-07T10:11:35Z,79,,79,,71,71,0.07804003882986604
53271311694,2025-11-08T09:00:31Z,87,,87,,125,72,0.06021752078922682
53281387748,2025-11-09T07:31:26Z,75,,75,,70,65,0.06330682503145868
53289517187,2025-11-10T09:14:18Z,81,,81,,78,69,0.07829285549093797
53300631534,2025-11-11T09:31:35Z,61,,61,,57,69,0.12939696847985399
53310170263,2025-11-12T08:48:02Z,75,,75,,73,67,0.06409665755509993
53321651831,2025-11-13T08:15:19Z,76,,76,,76,68,0.09266914340465754
53331493423,2025-11-14T06:51:15Z,79,,79,,104,74,0.08843015837975199
53342147455,2025-11-15T07:39:08Z,81,,81,,63,63,0.08280297379219993
53352380002,2025-11-16T07:34:10Z,72,,72,,78,73,0.08290942319254371
53364374645,2025-11-17T09:57:43Z,77,,77,,108,69,0.09675074847319301
53373537824,2025-11-18T09:08:44Z,80,,80,,105,68,0.06990218960090684
53385075952,2025-11-19T08:31:09Z,68,,68,,66,68,0.08453097639991095
53396408740,2025-11-20T09:05:25Z,66,,66,,63,69,0.10928266882626234
53406849638,2025-11-21T06:49:54Z,73,,73,,89,65,0.08789155911154233
53418415242,2025-11-22T06:34:25Z,79,,79,,73,72,0.07978859790221954
53427769436,2025-11-23T09:21:35Z,68,,68,,71,67,0.12729821920860096
53439519792,2025-11-24T08:03:02Z,89,,89,,119,72,0.07717731501390088
53448182422,2025-11-25T07:00:27Z,79,,79,,68,75,0.07207462017505689
53459850019,2025-11-26T10:17:05Z,70,,70,,83,68,0.08595644836590441
53468067230,2025-11-27T07:19:46Z,72,,72,,101,67,0.06380734711917826
53476962383,2025-11-28T08:08:37Z,77,,77,,60,73,0.07374296600136429
53485468189,2025-11-29T10:27:44Z,80,,80,,84,70,0.06357324323974949
53496848616,2025-11-30T06:20:23Z,81,,81,,109,68,0.09253471694980794
53508516523,2025-12-01T06:43:09Z,84,,84,,70,71,0.08889728105457290
53519150881,2025-12-02T08:58:26Z,66,,66,,46,67,0.08738943334947850
53530212761,2025-12-03T07:27:20Z,74,,74,,75,68,0.08400031468903411
53540761191,2025-12-04T07:44:01Z,82,,82,,93,66,0.06754586093063462
53550404313,2025-12-05T07:03:50Z,93,,93,,97,65,0.06552329319534593
53558702158,2025-12-06T08:00:23Z,79,,79,,96,68,0.07683454137009754
53568993742,2025-12-07T08:48:30Z,91,,91,,94,67,0.04055173702901163
53577898633,2025-12-08T06:03:50Z,66,,66,,66,71,0.10413664463867001
53588585241,2025-12-09T08:39:09Z,71,,71,,73,73,0.06621508524906342
53597955731,2025-12-10T07:40:48Z,82,,82,,104,66,0.09813711906864289
53606956648,2025-12-11T06:05:59Z,63,,63,,59,71,0.11948314163416246
53615693360,2025-12-12T06:45:08Z,70,,70,,93,68,0.09290027490877079
53624780720,2025-12-13T07:08:47Z,76,,76,,109,66,0.09599589706342108
53634185858,2025-12-14T07:04:16Z,75,,75,,89,65,0.08043127517703888
53642418386,2025-12-15T08:36:10Z,69,,69,,76,72,0.08692001621204812
53653525442,2025-12-16T08:02:54Z,78,,78,,84,69,0.06715843735073806
53665121995,2025-12-17T06:51:58Z,71,,71,,75,66,0.08881151685712789
